<?xml version="1.0" encoding="utf-8"?>
<extension version="3.1" type="plugin" group="user" >
	<name>PLG_USER_BORROW</name>
	<author>Joomla! Project</author>
	<version>3.1.0</version>
	<description>PLG_USER_BORROW_XML_DESCRIPTION</description>
	<files>
		<filename plugin="borrow">borrow.php</filename>
		<filename>index.html</filename>
		<folder>assets</folder>
		<folder>tmpl</folder>
	</files>
	<languages>
		<language tag="en-GB">en-GB.plg_user_borrow.ini</language>
		<language tag="en-GB">en-GB.plg_user_borrow.sys.ini</language>
	</languages>
</extension>